id,categoria_esperada,tipo_documento,referencia,jurisdiccion,texto
DOC-001,familia,sentencia,"Simulado - inspirado en Ley 1098 de 2006, art. 24",CO,"SENTENCIA No. 045-2024 (simulada) – Juzgado Promiscuo de Familia. La demandante solicita la fijación de CUOTA ALIMENTARIA a favor de sus dos (2) hijos menores de edad, toda vez que el progenitor incumplió el acuerdo conciliado desde marzo de 2023 y no aporta para colegio, salud ni vestuario."
DOC-002,familia,norma,"Simulado - inspirado en Ley 1098 de 2006, art. 24",CO,"Art. 24 (texto adaptado). Los niños, las niñas y los adolescentes tienen derecho a los alimentos: todo lo indispensable para el sustento, habitación, vestido, asistencia médica, recreación, educación o instrucción..."
DOC-003,familia,sentencia,Simulado,CO,"El Juzgado otorga la CUSTODIA y cuidado personal de la menor a la abuela materna, y regula un régimen de visitas para el padre cada quince (15) días, considerando el interés superior del niño!!"
DOC-004,familia,resolucion,Simulado - inspirado en Ley 25 de 1992,CO,"Resolución / acta de conciliación: los cónyuges, de mutuo acuerdo, solicitan el divorcio y la cesación de efectos civiles del matrimonio religioso; acuerdan la liquidación de la sociedad conyugal y la cuota de alimentos de los hijos."
DOC-005,familia,sentencia,Simulado - inspirado en Ley 54 de 1990,CO,"Se DECLARA la existencia de la unión marital de hecho entre los compañeros permanentes desde el año 2010 y, en consecuencia, la sociedad patrimonial que debe liquidarse conforme a la Ley 54 de 1990."
DOC-006,familia,sentencia,Simulado,CO,"Proceso de impugnación de paternidad: con base en la prueba de ADN realizada por el laboratorio (probabilidad 0,00%), se declara que el demandante no es el padre biológico del menor y se ordena corregir el registro civil."
DOC-007,familia,resolucion,Simulado - inspirado en Ley 1098 de 2006,CO,La Defensoría de Familia del ICBF abre proceso administrativo de restablecimiento de derechos (PARD) a favor de un adolescente en situación de calle; se ordena ubicación en hogar sustituto y seguimiento psicosocial.
DOC-008,familia,resolucion,Simulado - inspirado en Ley 294 de 1996,CO,Comisaría de Familia – Medida de protección provisional: se ordena al agresor abstenerse de ingresar a la vivienda familiar por hechos de violencia intrafamiliar denunciados el 12/05/2024.
DOC-009,laboral,sentencia,"Simulado - inspirado en CST, art. 64",CO,"El trabajador fue DESPEDIDO sin justa causa el 30 de junio; el empleador deberá pagar la indemnización prevista en el art. 64 del Código Sustantivo del Trabajo, más los salarios y prestaciones adeudados."
DOC-010,laboral,concepto,Simulado,CO,"Liquidación final: cesantías, intereses a las cesantías, prima de servicios y vacaciones no disfrutadas. El empleador no consignó las cesantías en el fondo antes del 14 de febrero → sanción moratoria."
DOC-011,laboral,sentencia,"Simulado - inspirado en CST, arts. 23 y 24",CO,"Se declara la existencia de un CONTRATO REALIDAD: hubo prestación personal del servicio, subordinación y remuneración, pese a que la empresa lo vinculó mediante contratos de prestación de servicios sucesivos."
DOC-012,laboral,sentencia,Simulado,CO,Estabilidad laboral reforzada: la trabajadora en estado de embarazo fue desvinculada sin autorización del inspector de trabajo; se ordena el reintegro y el pago de salarios dejados de percibir.
DOC-013,laboral,norma,Simulado - inspirado en Ley 1010 de 2006,CO,"(Adaptado) Se entiende por ACOSO LABORAL toda conducta persistente y demostrable ejercida sobre un empleado por parte de un empleador, jefe o compañero, encaminada a infundir miedo, intimidación o angustia..."
DOC-014,laboral,concepto,Simulado,CO,"Accidente de trabajo: el operario sufrió una caída en la obra; la ARL debe reconocer la incapacidad temporal y, si aplica, la pensión de invalidez. El empleador no lo había afiliado a seguridad social."
DOC-015,laboral,concepto,Simulado - inspirado en CST,CO,"Consulta: ¿cuántas horas extra puede trabajar un empleado?? Se recuerda que la jornada máxima legal, los recargos nocturnos y dominicales deben pagarse y quedar registrados en la nómina."
DOC-016,laboral,sentencia,Simulado,CO,"Trabajador rural (jornalero) vinculado verbalmente en finca cafetera desde 2018, con pago al día y sin afiliación a pensión; se reconoce la relación laboral y el pago de aportes al sistema pensional."
DOC-017,penal,resolucion,Simulado,CO,"Audiencia preliminar: la Fiscalía legaliza la captura en flagrancia por HURTO calificado y agravado, formula imputación y solicita medida de aseguramiento; el imputado no acepta cargos."
DOC-018,penal,concepto,Simulado,CO,Denuncia penal por ESTAFA: la víctima transfirió $3.500.000 a una cuenta tras un engaño por redes sociales. Se recomienda radicar la denuncia ante la Fiscalía con soportes de la transferencia.
DOC-019,penal,sentencia,Simulado,CO,"Lesiones personales dolosas: según el dictamen de Medicina Legal, la víctima tuvo incapacidad médico-legal de 35 días con secuelas; el juez condena al procesado."
DOC-020,penal,resolucion,Simulado,CO,"El juez de control de garantías impone medida de aseguramiento de DETENCIÓN PREVENTIVA en establecimiento carcelario, por considerar que el imputado representa peligro para la comunidad."
DOC-021,penal,concepto,Simulado,CO,"Preacuerdo entre Fiscalía y defensa: el acusado acepta cargos a cambio de una rebaja de pena; el juez de conocimiento debe verificar que la aceptación sea libre, consciente y voluntaria."
DOC-022,penal,norma,"Simulado - inspirado en Ley 599 de 2000, art. 233",CO,"Art. 233 (adaptado). Inasistencia alimentaria: quien se sustraiga sin justa causa a la prestación de alimentos legalmente debidos a sus ascendientes, descendientes... incurrirá en prisión y multa."
DOC-023,penal,concepto,Simulado,CO,El usuario relata AMENAZAS de muerte y exigencia de dinero (extorsión) por parte de un grupo armado; se orienta a denunciar ante el GAULA y se activa ruta de protección.
DOC-024,penal,sentencia,Simulado,CO,Incidente de reparación integral: la víctima del delito solicita indemnización de perjuicios materiales y morales; la Defensoría Pública asumió la defensa técnica del condenado.
DOC-025,civil,sentencia,Simulado,CO,Proceso de restitución de inmueble arrendado: el arrendatario incurrió en mora en el pago de los cánones de arrendamiento de cuatro (4) meses; se ordena la entrega del inmueble al arrendador.
DOC-026,civil,resolucion,Simulado,CO,"Proceso EJECUTIVO singular: con base en el pagaré suscrito por el deudor, se libra mandamiento de pago y se decreta el embargo y secuestro del vehículo de placas XXX-000."
DOC-027,civil,sentencia,Simulado,CO,"Sucesión intestada: fallecido el causante sin testamento, se reconoce a los hijos como herederos, se aprueba el inventario de bienes y el trabajo de partición y adjudicación."
DOC-028,civil,sentencia,Simulado - inspirado en Código Civil,CO,"Declaración de pertenencia por prescripción adquisitiva extraordinaria de dominio: el demandante probó posesión pública, pacífica e ininterrumpida del predio rural por más de diez (10) años."
DOC-029,civil,sentencia,Simulado,CO,"Responsabilidad civil extracontractual por accidente de tránsito: el conductor del bus debe indemnizar los daños y perjuicios (daño emergente, lucro cesante) causados al motociclista."
DOC-030,civil,concepto,Simulado,CO,Compraventa de inmueble: la escritura pública debe registrarse en la Oficina de Registro de Instrumentos Públicos; el vendedor responde por el saneamiento por evicción y vicios ocultos.
DOC-031,civil,sentencia,Simulado,CO,"Se impone SERVIDUMBRE de tránsito a favor del predio dominante, que se encuentra encerrado y sin salida a camino público, previo pago de la indemnización al dueño del predio sirviente."
DOC-032,civil,concepto,Simulado,CO,Promesa de compraventa incumplida: el promitente comprador no pagó el saldo en la fecha pactada; procede la resolución del contrato y el cobro de la cláusula penal ($10.000.000).
DOC-033,constitucional,sentencia,"Simulado - inspirado en Constitución Política, art. 86",CO,ACCIÓN DE TUTELA: la EPS negó un medicamento no incluido en el plan de beneficios a paciente con enfermedad huérfana; se amparan los derechos fundamentales a la salud y a la vida en condiciones dignas.
DOC-034,constitucional,sentencia,Simulado - inspirado en Ley 1755 de 2015,CO,Se tutela el DERECHO DE PETICIÓN: la entidad no dio respuesta de fondo dentro de los quince (15) días hábiles siguientes a la radicación de la solicitud (Ley 1755 de 2015).
DOC-035,constitucional,sentencia,Simulado,CO,Tutela por vulneración al debido proceso: la entidad impuso la sanción sin notificar al accionante ni permitirle presentar descargos; se deja sin efectos la actuación.
DOC-036,constitucional,sentencia,Simulado - inspirado en Convenio 169 OIT,CO,"La Corte ordena realizar CONSULTA PREVIA con la comunidad indígena antes de ejecutar el proyecto vial que afecta su territorio ancestral, en garantía de su derecho a la participación."
DOC-037,constitucional,sentencia,"Simulado - inspirado en Constitución Política, art. 13",CO,Derecho a la igualdad y no discriminación: el establecimiento negó el ingreso al accionante por su orientación sexual; se ordena adoptar protocolos y ofrecer excusas públicas.
DOC-038,constitucional,sentencia,Simulado,CO,"Mínimo vital: adulta mayor de 78 años sin ingresos, a quien Colpensiones suspendió la mesada pensional; la tutela procede como mecanismo transitorio para evitar un perjuicio irremediable."
DOC-039,constitucional,sentencia,Simulado - inspirado en Ley 1581 de 2012,CO,Habeas data: el accionante pide eliminar el reporte negativo en centrales de riesgo porque la obligación ya prescribió y nunca recibió comunicación previa al reporte.
DOC-040,constitucional,sentencia,"Simulado - inspirado en Constitución Política, art. 246",CO,"Jurisdicción especial indígena: las autoridades del resguardo pueden juzgar al comunero conforme a sus usos y costumbres, siempre que no contraríen la Constitución y la ley."
DOC-041,administrativo,resolucion,Simulado,CO,RESOLUCIÓN No. 1123 (simulada): se NIEGA el subsidio familiar de vivienda por inconsistencias en el SISBÉN. Contra la presente proceden los recursos de reposición y apelación dentro de los 10 días siguientes.
DOC-042,administrativo,concepto,Simulado,CO,Comparendo de tránsito: el ciudadano puede solicitar audiencia de impugnación ante la Secretaría de Movilidad si considera que la orden de comparendo fue mal impuesta.
DOC-043,administrativo,concepto,Simulado,CO,Solicitud de actualización de la encuesta SISBÉN IV: la familia cambió de domicilio y su clasificación no corresponde a su situación socioeconómica actual.
DOC-044,administrativo,sentencia,Simulado - inspirado en Ley 1437 de 2011,CO,"Medio de control de NULIDAD Y RESTABLECIMIENTO DEL DERECHO contra el acto administrativo que declaró insubsistente al servidor público, por falsa motivación y desviación de poder."
DOC-045,administrativo,concepto,Simulado - inspirado en Ley 1437 de 2011,CO,"Silencio administrativo negativo: transcurridos tres (3) meses sin que la administración resuelva la petición, se entiende negada y el interesado puede acudir a la jurisdicción."
DOC-046,administrativo,sentencia,Simulado - inspirado en Ley 1437 de 2011,CO,"Reparación directa: el Estado es responsable por falla en el servicio, al no prestar la atención médica oportuna en el hospital público; se condena al pago de perjuicios."
DOC-047,administrativo,resolucion,Simulado,CO,Migración Colombia: trámite del Permiso por Protección Temporal (PPT) para persona migrante venezolana; se requiere registro biométrico y documento de identificación vigente o pasaporte.
DOC-048,victimas_conflicto,norma,"Simulado - inspirado en Ley 1448 de 2011, art. 3",CO,"(Adaptado) Se consideran VÍCTIMAS las personas que individual o colectivamente hayan sufrido un daño por hechos ocurridos a partir del 1º de enero de 1985, como consecuencia de infracciones al DIH o violaciones graves a los DD.HH. ocurridas con ocasión del conflicto armado interno."
DOC-049,victimas_conflicto,concepto,Simulado,CO,El usuario rindió declaración ante la Personería por DESPLAZAMIENTO FORZADO desde zona rural del Cauca; se orienta sobre la inclusión en el Registro Único de Víctimas (RUV) y la ayuda humanitaria.
DOC-050,victimas_conflicto,sentencia,Simulado - inspirado en Ley 1448 de 2011,CO,Sentencia de RESTITUCIÓN DE TIERRAS: se ordena restituir jurídica y materialmente el predio a la familia campesina despojada en 2002 por presión de grupos armados ilegales.
DOC-051,victimas_conflicto,resolucion,Simulado,CO,La Unidad para las Víctimas reconoce la INDEMNIZACIÓN ADMINISTRATIVA por homicidio del familiar y prioriza el pago por tratarse de persona mayor de 68 años.
DOC-052,victimas_conflicto,concepto,Simulado - inspirado en Decreto Ley 4633 de 2011,CO,Enfoque diferencial étnico: las medidas de reparación colectiva para el pueblo indígena deben concertarse con sus autoridades tradicionales y respetar su cosmovisión.
DOC-053,victimas_conflicto,concepto,Simulado,CO,Búsqueda de persona dada por DESAPARECIDA en el contexto del conflicto armado: la familia puede acudir a la Unidad de Búsqueda y aportar muestras para el banco de perfiles genéticos.
DOC-054,victimas_conflicto,resolucion,Simulado,CO,Medidas de satisfacción y garantías de no repetición: acto público de reconocimiento de responsabilidad y construcción de un lugar de memoria para la comunidad víctima de la masacre.
DOC-055,genero,norma,"Ley 1257 de 2008, art. 2 (paráfrasis)",CO,"Violencia ECONÓMICA (Ley 1257/2008, art. 2): acción u omisión orientada al abuso económico, al control abusivo de las finanzas, recompensas o castigos monetarios a las mujeres por razón de su condición social, económica o política."
DOC-056,genero,norma,"Ley 1257 de 2008, art. 3 lit. d (paráfrasis)",CO,"Daño PATRIMONIAL (art. 3, lit. d): pérdida, transformación, sustracción, destrucción, retención o distracción de objetos, instrumentos de trabajo, documentos personales, bienes o valores destinados a satisfacer las necesidades de la mujer."
DOC-057,genero,concepto,Simulado,CO,La usuaria relata que su compañero le RETIENE la cédula y destruyó la máquina de coser con la que trabajaba: se orienta como violencia patrimonial y se solicita medida de protección.
DOC-058,genero,concepto,Simulado,CO,"La usuaria manifiesta que su pareja controla todo su salario, le niega dinero para comprar alimentos y la castiga quitándole la plata si sale sin permiso → violencia económica."
DOC-059,genero,resolucion,Simulado - inspirado en Ley 1257 de 2008,CO,"Medidas de protección a la mujer víctima de violencia psicológica: se ordena al agresor abstenerse de realizar actos de intimidación, insultos o amenazas, y se remite a atención psicosocial."
DOC-060,genero,sentencia,Simulado - inspirado en Ley 1761 de 2015,CO,Tentativa de FEMINICIDIO: el agresor atacó a su expareja por razones de género tras un ciclo de violencia previo; se aplica el enfoque de género en la valoración de la prueba.
DOC-061,genero,concepto,Simulado - inspirado en Ley 1257 de 2008,CO,"Medidas de atención: la mujer víctima tiene derecho a alojamiento, alimentación y transporte para ella y sus hijos cuando su permanencia en la vivienda implique riesgo."
DOC-062,genero,concepto,Simulado,CO,"Ruta de atención: la Comisaría de Familia recibe la denuncia por violencia de género, valora el riesgo de la mujer y la orienta hacia la Línea 155, salud y justicia."
