id,categoria_esperada,tipo_documento,referencia,texto_original,texto_limpio,num_tokens,num_lemas,lemas,motor_lematizacion
DOC-001,familia,sentencia,"Simulado - inspirado en Ley 1098 de 2006, art. 24","SENTENCIA No. 045-2024 (simulada) – Juzgado Promiscuo de Familia. La demandante solicita la fijación de CUOTA ALIMENTARIA a favor de sus dos (2) hijos menores de edad, toda vez que el progenitor incumplió el acuerdo conciliado desde marzo de 2023 y no aporta para colegio, salud ni vestuario.",sentencia numero simulada juzgado promiscuo de familia la demandante solicita la fijación de cuota alimentaria a favor de sus dos hijos menores de edad toda vez que el progenitor incumplió el acuerdo conciliado desde marzo de y no aporta para colegio salud ni vestuario,42,25,sentencia juzgado promiscuo familia demandante solicitar fijacion cuota alimentaria favor hijo menor edad vez progenitor incumplir acuerdo conciliar marzo no aportar colegio salud ni vestuario,reglas
DOC-002,familia,norma,"Simulado - inspirado en Ley 1098 de 2006, art. 24","Art. 24 (texto adaptado). Los niños, las niñas y los adolescentes tienen derecho a los alimentos: todo lo indispensable para el sustento, habitación, vestido, asistencia médica, recreación, educación o instrucción...",art texto adaptado los niños las niñas y los adolescentes tienen derecho a los alimentos todo lo indispensable para el sustento habitación vestido asistencia médica recreación educación o instrucción,26,14,niño niña adolescente derecho alimento indispensable sustento habitacion vestido asistencia medica recreacion educacion instruccion,reglas
DOC-003,familia,sentencia,Simulado,"El Juzgado otorga la CUSTODIA y cuidado personal de la menor a la abuela materna, y regula un régimen de visitas para el padre cada quince (15) días, considerando el interés superior del niño!!",el juzgado otorga la custodia y cuidado personal de la menor a la abuela materna y regula un régimen de visitas para el padre cada quince días considerando el interés superior del niño,30,18,juzgado otorgar custodia cuidado personal menor abuela materna regular regimen visita padre quince dia considerando interes superior niño,reglas
DOC-004,familia,resolucion,Simulado - inspirado en Ley 25 de 1992,"Resolución / acta de conciliación: los cónyuges, de mutuo acuerdo, solicitan el divorcio y la cesación de efectos civiles del matrimonio religioso; acuerdan la liquidación de la sociedad conyugal y la cuota de alimentos de los hijos.",resolución acta de conciliación los cónyuges de mutuo acuerdo solicitan el divorcio y la cesación de efectos civiles del matrimonio religioso acuerdan la liquidación de la sociedad conyugal y la cuota de alimentos de los hijos,34,20,resolucion acta conciliacion conyuge mutuo acuerdo solicitar divorcio cesacion efecto civil matrimonio religioso acordar liquidacion sociedad conyugal cuota alimento hijo,reglas
DOC-005,familia,sentencia,Simulado - inspirado en Ley 54 de 1990,"Se DECLARA la existencia de la unión marital de hecho entre los compañeros permanentes desde el año 2010 y, en consecuencia, la sociedad patrimonial que debe liquidarse conforme a la Ley 54 de 1990.",se declara la existencia de la unión marital de hecho entre los compañeros permanentes desde el año y en consecuencia la sociedad patrimonial que debe liquidarse conforme a la ley de,29,13,declarar existencia union marital hecho compañero permanente año consecuencia sociedad patrimonial liquidarse conforme,reglas
DOC-006,familia,sentencia,Simulado,"Proceso de impugnación de paternidad: con base en la prueba de ADN realizada por el laboratorio (probabilidad 0,00%), se declara que el demandante no es el padre biológico del menor y se ordena corregir el registro civil.",proceso de impugnación de paternidad con base en la prueba de adn realizada por el laboratorio probabilidad se declara que el demandante no es el padre biológico del menor y se ordena corregir el registro civil,35,19,proceso impugnacion paternidad base prueba adn realizada laboratorio probabilidad declarar demandante no padre biologico menor ordenar corregir registro civil,reglas
DOC-007,familia,resolucion,Simulado - inspirado en Ley 1098 de 2006,La Defensoría de Familia del ICBF abre proceso administrativo de restablecimiento de derechos (PARD) a favor de un adolescente en situación de calle; se ordena ubicación en hogar sustituto y seguimiento psicosocial.,la defensoría de familia del icbf abre proceso administrativo de restablecimiento de derechos pard a favor de un adolescente en situación de calle se ordena ubicación en hogar sustituto y seguimiento psicosocial,30,19,defensoria familia icbf abrir proceso administrativo restablecimiento derecho pard favor adolescente situacion calle ordenar ubicacion hogar sustituto seguimiento psicosocial,reglas
DOC-008,familia,resolucion,Simulado - inspirado en Ley 294 de 1996,Comisaría de Familia – Medida de protección provisional: se ordena al agresor abstenerse de ingresar a la vivienda familiar por hechos de violencia intrafamiliar denunciados el 12/05/2024.,comisaría de familia medida de protección provisional se ordena al agresor abstenerse de ingresar a la vivienda familiar por hechos de violencia intrafamiliar denunciados el,24,15,comisaria familia medida proteccion provisional ordenar agresor abstenerse ingresar vivienda familiar hecho violencia intrafamiliar denunciar,reglas
DOC-009,laboral,sentencia,"Simulado - inspirado en CST, art. 64","El trabajador fue DESPEDIDO sin justa causa el 30 de junio; el empleador deberá pagar la indemnización prevista en el art. 64 del Código Sustantivo del Trabajo, más los salarios y prestaciones adeudados.",el trabajador fue despedido sin justa causa el de junio el empleador deberá pagar la indemnización prevista en el art del código sustantivo del trabajo más los salarios y prestaciones adeudados,30,17,trabajador despedir sin justa causa junio empleador deber pagar indemnizacion prevista codigo sustantivo trabajo salario prestacion adeudar,reglas
DOC-010,laboral,concepto,Simulado,"Liquidación final: cesantías, intereses a las cesantías, prima de servicios y vacaciones no disfrutadas. El empleador no consignó las cesantías en el fondo antes del 14 de febrero → sanción moratoria.",liquidación final cesantías intereses a las cesantías prima de servicios y vacaciones no disfrutadas el empleador no consignó las cesantías en el fondo antes del de febrero sanción moratoria,27,18,liquidacion final cesantia interes cesantia prima servicio vacacion no disfrutada empleador no consignar cesantia fondo febrero sancion moratoria,reglas
DOC-011,laboral,sentencia,"Simulado - inspirado en CST, arts. 23 y 24","Se declara la existencia de un CONTRATO REALIDAD: hubo prestación personal del servicio, subordinación y remuneración, pese a que la empresa lo vinculó mediante contratos de prestación de servicios sucesivos.",se declara la existencia de un contrato realidad hubo prestación personal del servicio subordinación y remuneración pese a que la empresa lo vinculó mediante contratos de prestación de servicios sucesivos,28,17,declarar existencia contrato realidad haber prestacion personal servicio subordinacion remuneracion pese empresa vincular contrato prestacion servicio sucesivo,reglas
DOC-012,laboral,sentencia,Simulado,Estabilidad laboral reforzada: la trabajadora en estado de embarazo fue desvinculada sin autorización del inspector de trabajo; se ordena el reintegro y el pago de salarios dejados de percibir.,estabilidad laboral reforzada la trabajadora en estado de embarazo fue desvinculada sin autorización del inspector de trabajo se ordena el reintegro y el pago de salarios dejados de percibir,28,16,estabilidad laboral reforzada trabajadora embarazo desvincular sin autorizacion inspector trabajo ordenar reintegro pago salario dejar percibir,reglas
DOC-013,laboral,norma,Simulado - inspirado en Ley 1010 de 2006,"(Adaptado) Se entiende por ACOSO LABORAL toda conducta persistente y demostrable ejercida sobre un empleado por parte de un empleador, jefe o compañero, encaminada a infundir miedo, intimidación o angustia...",adaptado se entiende por acoso laboral toda conducta persistente y demostrable ejercida sobre un empleado por parte de un empleador jefe o compañero encaminada a infundir miedo intimidación o angustia,26,17,entender acoso laboral conducta persistente demostrable ejercida empleado parte empleador jefe compañero encaminada infundir miedo intimidacion angustia,reglas
DOC-014,laboral,concepto,Simulado,"Accidente de trabajo: el operario sufrió una caída en la obra; la ARL debe reconocer la incapacidad temporal y, si aplica, la pensión de invalidez. El empleador no lo había afiliado a seguridad social.",accidente de trabajo el operario sufrió una caída en la obra la arl debe reconocer la incapacidad temporal y si aplica la pensión de invalidez el empleador no lo había afiliado a seguridad social,32,18,accidente trabajo operario sufrir caida obra arl reconocer incapacidad temporal aplicar pension invalidez empleador no afiliado seguridad social,reglas
DOC-015,laboral,concepto,Simulado - inspirado en CST,"Consulta: ¿cuántas horas extra puede trabajar un empleado?? Se recuerda que la jornada máxima legal, los recargos nocturnos y dominicales deben pagarse y quedar registrados en la nómina.",consulta cuántas horas extra puede trabajar un empleado se recuerda que la jornada máxima legal los recargos nocturnos y dominicales deben pagarse y quedar registrados en la nómina,26,17,consulta cuanta hora extra trabajar empleado recordar jornada maxima legal recargo nocturno dominical pagarse quedar registrado nomina,reglas
DOC-016,laboral,sentencia,Simulado,"Trabajador rural (jornalero) vinculado verbalmente en finca cafetera desde 2018, con pago al día y sin afiliación a pensión; se reconoce la relación laboral y el pago de aportes al sistema pensional.",trabajador rural jornalero vinculado verbalmente en finca cafetera desde con pago al día y sin afiliación a pensión se reconoce la relación laboral y el pago de aportes al sistema pensional,28,19,trabajador rural jornalero vincular verbalmente finca cafetera pago dia sin afiliacion pension reconocer relacion laboral pago aporte sistema pensional,reglas
DOC-017,penal,resolucion,Simulado,"Audiencia preliminar: la Fiscalía legaliza la captura en flagrancia por HURTO calificado y agravado, formula imputación y solicita medida de aseguramiento; el imputado no acepta cargos.",audiencia preliminar la fiscalía legaliza la captura en flagrancia por hurto calificado y agravado formula imputación y solicita medida de aseguramiento el imputado no acepta cargos,24,18,audiencia preliminar fiscalia legalizar captura flagrancia hurto calificado agravado formular imputacion solicitar medida aseguramiento imputado no aceptar cargo,reglas
DOC-018,penal,concepto,Simulado,Denuncia penal por ESTAFA: la víctima transfirió $3.500.000 a una cuenta tras un engaño por redes sociales. Se recomienda radicar la denuncia ante la Fiscalía con soportes de la transferencia.,denuncia penal por estafa la víctima transfirió a una cuenta tras un engaño por redes sociales se recomienda radicar la denuncia ante la fiscalía con soportes de la transferencia,28,15,denuncia penal estafa victima transferir cuenta engaño red social recomendar radicar denuncia fiscalia soporte transferencia,reglas
DOC-019,penal,sentencia,Simulado,"Lesiones personales dolosas: según el dictamen de Medicina Legal, la víctima tuvo incapacidad médico-legal de 35 días con secuelas; el juez condena al procesado.",lesiones personales dolosas según el dictamen de medicina legal la víctima tuvo incapacidad médico legal de días con secuelas el juez condena al procesado,24,16,lesion personal dolosa dictamen medicina legal victima tener incapacidad medico legal dia secuela juez condenar procesado,reglas
DOC-020,penal,resolucion,Simulado,"El juez de control de garantías impone medida de aseguramiento de DETENCIÓN PREVENTIVA en establecimiento carcelario, por considerar que el imputado representa peligro para la comunidad.",el juez de control de garantías impone medida de aseguramiento de detención preventiva en establecimiento carcelario por considerar que el imputado representa peligro para la comunidad,26,15,juez control garantia imponer medida aseguramiento detencion preventiva establecimiento carcelario considerar imputado representar peligro comunidad,reglas
DOC-021,penal,concepto,Simulado,"Preacuerdo entre Fiscalía y defensa: el acusado acepta cargos a cambio de una rebaja de pena; el juez de conocimiento debe verificar que la aceptación sea libre, consciente y voluntaria.",preacuerdo entre fiscalía y defensa el acusado acepta cargos a cambio de una rebaja de pena el juez de conocimiento debe verificar que la aceptación sea libre consciente y voluntaria,27,16,preacuerdo fiscalia defensa acusado aceptar cargo cambio rebaja pena juez conocimiento verificar aceptacion libre consciente voluntaria,reglas
DOC-022,penal,norma,"Simulado - inspirado en Ley 599 de 2000, art. 233","Art. 233 (adaptado). Inasistencia alimentaria: quien se sustraiga sin justa causa a la prestación de alimentos legalmente debidos a sus ascendientes, descendientes... incurrirá en prisión y multa.",art adaptado inasistencia alimentaria quien se sustraiga sin justa causa a la prestación de alimentos legalmente debidos a sus ascendientes descendientes incurrirá en prisión y multa,23,15,inasistencia alimentaria sustraer sin justa causa prestacion alimento legalmente deber ascendiente descendiente incurrir prision multa,reglas
DOC-023,penal,concepto,Simulado,El usuario relata AMENAZAS de muerte y exigencia de dinero (extorsión) por parte de un grupo armado; se orienta a denunciar ante el GAULA y se activa ruta de protección.,el usuario relata amenazas de muerte y exigencia de dinero extorsión por parte de un grupo armado se orienta a denunciar ante el gaula y se activa ruta de protección,27,15,relatar amenaza muerte exigencia dinero extorsion parte grupo armado orientar denunciar gaula activar ruta proteccion,reglas
DOC-024,penal,sentencia,Simulado,Incidente de reparación integral: la víctima del delito solicita indemnización de perjuicios materiales y morales; la Defensoría Pública asumió la defensa técnica del condenado.,incidente de reparación integral la víctima del delito solicita indemnización de perjuicios materiales y morales la defensoría pública asumió la defensa técnica del condenado,23,16,incidente reparacion integral victima delito solicitar indemnizacion perjuicio material moral defensoria publica asumir defensa tecnica condenado,reglas
DOC-025,civil,sentencia,Simulado,Proceso de restitución de inmueble arrendado: el arrendatario incurrió en mora en el pago de los cánones de arrendamiento de cuatro (4) meses; se ordena la entrega del inmueble al arrendador.,proceso de restitución de inmueble arrendado el arrendatario incurrió en mora en el pago de los cánones de arrendamiento de cuatro meses se ordena la entrega del inmueble al arrendador,30,16,proceso restitucion inmueble arrendado arrendatario incurrir mora pago canon arrendamiento cuatro mes ordenar entrega inmueble arrendador,reglas
DOC-026,civil,resolucion,Simulado,"Proceso EJECUTIVO singular: con base en el pagaré suscrito por el deudor, se libra mandamiento de pago y se decreta el embargo y secuestro del vehículo de placas XXX-000.",proceso ejecutivo singular con base en el pagaré suscrito por el deudor se libra mandamiento de pago y se decreta el embargo y secuestro del vehículo de placas xxx,27,16,proceso ejecutivo singular base pagare suscribir deudor librar mandamiento pago decretar embargo secuestro vehiculo placa xxx,reglas
DOC-027,civil,sentencia,Simulado,"Sucesión intestada: fallecido el causante sin testamento, se reconoce a los hijos como herederos, se aprueba el inventario de bienes y el trabajo de partición y adjudicación.",sucesión intestada fallecido el causante sin testamento se reconoce a los hijos como herederos se aprueba el inventario de bienes y el trabajo de partición y adjudicación,24,15,sucesion intestada fallecido causante sin testamento reconocer hijo heredero aprobar inventario bien trabajo particion adjudicacion,reglas
DOC-028,civil,sentencia,Simulado - inspirado en Código Civil,"Declaración de pertenencia por prescripción adquisitiva extraordinaria de dominio: el demandante probó posesión pública, pacífica e ininterrumpida del predio rural por más de diez (10) años.",declaración de pertenencia por prescripción adquisitiva extraordinaria de dominio el demandante probó posesión pública pacífica e ininterrumpida del predio rural por más de diez años,24,16,declaracion pertenencia prescripcion adquisitiva extraordinaria dominio demandante probar posesion publica pacifica ininterrumpida predio rural diez año,reglas
DOC-029,civil,sentencia,Simulado,"Responsabilidad civil extracontractual por accidente de tránsito: el conductor del bus debe indemnizar los daños y perjuicios (daño emergente, lucro cesante) causados al motociclista.",responsabilidad civil extracontractual por accidente de tránsito el conductor del bus debe indemnizar los daños y perjuicios daño emergente lucro cesante causados al motociclista,23,16,responsabilidad civil extracontractual accidente transito conductor bus indemnizar daño perjuicio daño emergente lucro cesante causado motociclista,reglas
DOC-030,civil,concepto,Simulado,Compraventa de inmueble: la escritura pública debe registrarse en la Oficina de Registro de Instrumentos Públicos; el vendedor responde por el saneamiento por evicción y vicios ocultos.,compraventa de inmueble la escritura pública debe registrarse en la oficina de registro de instrumentos públicos el vendedor responde por el saneamiento por evicción y vicios ocultos,26,15,compraventa inmueble escritura publica registrarse oficina registro instrumento publico vendedor responder saneamiento eviccion vicio oculto,reglas
DOC-031,civil,sentencia,Simulado,"Se impone SERVIDUMBRE de tránsito a favor del predio dominante, que se encuentra encerrado y sin salida a camino público, previo pago de la indemnización al dueño del predio sirviente.",se impone servidumbre de tránsito a favor del predio dominante que se encuentra encerrado y sin salida a camino público previo pago de la indemnización al dueño del predio sirviente,27,18,imponer servidumbre transito favor predio dominante encontrar encerrado sin salida camino publico previo pago indemnizacion dueño predio sirviente,reglas
DOC-032,civil,concepto,Simulado,Promesa de compraventa incumplida: el promitente comprador no pagó el saldo en la fecha pactada; procede la resolución del contrato y el cobro de la cláusula penal ($10.000.000).,promesa de compraventa incumplida el promitente comprador no pagó el saldo en la fecha pactada procede la resolución del contrato y el cobro de la cláusula penal,26,16,promesa compraventa incumplida promitente comprador no pagar saldo fecha pactar proceder resolucion contrato cobro clausula penal,reglas
DOC-033,constitucional,sentencia,"Simulado - inspirado en Constitución Política, art. 86",ACCIÓN DE TUTELA: la EPS negó un medicamento no incluido en el plan de beneficios a paciente con enfermedad huérfana; se amparan los derechos fundamentales a la salud y a la vida en condiciones dignas.,acción de tutela la eps negó un medicamento no incluido en el plan de beneficios a paciente con enfermedad huérfana se amparan los derechos fundamentales a la salud y a la vida en condiciones dignas,31,19,accion tutela eps negar medicamento no incluido plan beneficio paciente enfermedad huerfana amparar derecho fundamental salud vida condicion digna,reglas
DOC-034,constitucional,sentencia,Simulado - inspirado en Ley 1755 de 2015,Se tutela el DERECHO DE PETICIÓN: la entidad no dio respuesta de fondo dentro de los quince (15) días hábiles siguientes a la radicación de la solicitud (Ley 1755 de 2015).,se tutela el derecho de petición la entidad no dio respuesta de fondo dentro de los quince días hábiles siguientes a la radicación de la solicitud ley de,27,14,tutela derecho peticion entidad no dar respuesta fondo quince dia habil siguiente radicacion solicitud,reglas
DOC-035,constitucional,sentencia,Simulado,Tutela por vulneración al debido proceso: la entidad impuso la sanción sin notificar al accionante ni permitirle presentar descargos; se deja sin efectos la actuación.,tutela por vulneración al debido proceso la entidad impuso la sanción sin notificar al accionante ni permitirle presentar descargos se deja sin efectos la actuación,25,18,tutela vulneracion debido proceso entidad imponer sancion sin notificar accionante ni permitirle presentar descargo dejar sin efecto actuacion,reglas
DOC-036,constitucional,sentencia,Simulado - inspirado en Convenio 169 OIT,"La Corte ordena realizar CONSULTA PREVIA con la comunidad indígena antes de ejecutar el proyecto vial que afecta su territorio ancestral, en garantía de su derecho a la participación.",la corte ordena realizar consulta previa con la comunidad indígena antes de ejecutar el proyecto vial que afecta su territorio ancestral en garantía de su derecho a la participación,28,16,corte ordenar realizar consulta previa comunidad indigena ejecutar proyecto vial afectar territorio ancestral garantia derecho participacion,reglas
DOC-037,constitucional,sentencia,"Simulado - inspirado en Constitución Política, art. 13",Derecho a la igualdad y no discriminación: el establecimiento negó el ingreso al accionante por su orientación sexual; se ordena adoptar protocolos y ofrecer excusas públicas.,derecho a la igualdad y no discriminación el establecimiento negó el ingreso al accionante por su orientación sexual se ordena adoptar protocolos y ofrecer excusas públicas,23,16,derecho igualdad no discriminacion establecimiento negar ingreso accionante orientacion sexual ordenar adoptar protocolo ofrecer excusa publica,reglas
DOC-038,constitucional,sentencia,Simulado,"Mínimo vital: adulta mayor de 78 años sin ingresos, a quien Colpensiones suspendió la mesada pensional; la tutela procede como mecanismo transitorio para evitar un perjuicio irremediable.",mínimo vital adulta mayor de años sin ingresos a quien colpensiones suspendió la mesada pensional la tutela procede como mecanismo transitorio para evitar un perjuicio irremediable,25,18,minimo vital adulta mayor año sin ingreso colpensiones suspender mesada pensional tutela proceder mecanismo transitorio evitar perjuicio irremediable,reglas
DOC-039,constitucional,sentencia,Simulado - inspirado en Ley 1581 de 2012,Habeas data: el accionante pide eliminar el reporte negativo en centrales de riesgo porque la obligación ya prescribió y nunca recibió comunicación previa al reporte.,habeas data el accionante pide eliminar el reporte negativo en centrales de riesgo porque la obligación ya prescribió y nunca recibió comunicación previa al reporte,24,16,habeas data accionante pedir eliminar reporte negativo central riesgo obligacion prescribir nunca recibir comunicacion previa reporte,reglas
DOC-040,constitucional,sentencia,"Simulado - inspirado en Constitución Política, art. 246","Jurisdicción especial indígena: las autoridades del resguardo pueden juzgar al comunero conforme a sus usos y costumbres, siempre que no contraríen la Constitución y la ley.",jurisdicción especial indígena las autoridades del resguardo pueden juzgar al comunero conforme a sus usos y costumbres siempre que no contraríen la constitución y la ley,23,14,jurisdiccion especial indigena autoridad resguardo juzgar comunero conforme uso costumbre siempre no contrariar constitucion,reglas
DOC-041,administrativo,resolucion,Simulado,RESOLUCIÓN No. 1123 (simulada): se NIEGA el subsidio familiar de vivienda por inconsistencias en el SISBÉN. Contra la presente proceden los recursos de reposición y apelación dentro de los 10 días siguientes.,resolución numero simulada se niega el subsidio familiar de vivienda por inconsistencias en el sisbén contra la presente proceden los recursos de reposición y apelación dentro de los días siguientes,29,14,resolucion negar subsidio familiar vivienda inconsistencia sisben contra proceder recurso reposicion apelacion dia siguiente,reglas
DOC-042,administrativo,concepto,Simulado,Comparendo de tránsito: el ciudadano puede solicitar audiencia de impugnación ante la Secretaría de Movilidad si considera que la orden de comparendo fue mal impuesta.,comparendo de tránsito el ciudadano puede solicitar audiencia de impugnación ante la secretaría de movilidad si considera que la orden de comparendo fue mal impuesta,25,13,comparendo transito ciudadano solicitar audiencia impugnacion secretaria movilidad considerar orden comparendo mal imponer,reglas
DOC-043,administrativo,concepto,Simulado,Solicitud de actualización de la encuesta SISBÉN IV: la familia cambió de domicilio y su clasificación no corresponde a su situación socioeconómica actual.,solicitud de actualización de la encuesta sisbén iv la familia cambió de domicilio y su clasificación no corresponde a su situación socioeconómica actual,21,14,solicitud actualizacion encuesta sisben iv familia cambiar domicilio clasificacion no corresponder situacion socioeconomica actual,reglas
DOC-044,administrativo,sentencia,Simulado - inspirado en Ley 1437 de 2011,"Medio de control de NULIDAD Y RESTABLECIMIENTO DEL DERECHO contra el acto administrativo que declaró insubsistente al servidor público, por falsa motivación y desviación de poder.",medio de control de nulidad y restablecimiento del derecho contra el acto administrativo que declaró insubsistente al servidor público por falsa motivación y desviación de poder,24,16,medio control nulidad restablecimiento derecho contra acto administrativo declarar insubsistente servidor publico falsa motivacion desviacion poder,reglas
DOC-045,administrativo,concepto,Simulado - inspirado en Ley 1437 de 2011,"Silencio administrativo negativo: transcurridos tres (3) meses sin que la administración resuelva la petición, se entiende negada y el interesado puede acudir a la jurisdicción.",silencio administrativo negativo transcurridos tres meses sin que la administración resuelva la petición se entiende negada y el interesado puede acudir a la jurisdicción,22,15,silencio administrativo negativo transcurrido tres mes sin administracion resolver peticion entender negada interesado acudir jurisdiccion,reglas
DOC-046,administrativo,sentencia,Simulado - inspirado en Ley 1437 de 2011,"Reparación directa: el Estado es responsable por falla en el servicio, al no prestar la atención médica oportuna en el hospital público; se condena al pago de perjuicios.",reparación directa el estado es responsable por falla en el servicio al no prestar la atención médica oportuna en el hospital público se condena al pago de perjuicios,28,15,reparacion directa responsable falla servicio no prestar atencion medica oportuna hospital publico condenar pago perjuicio,reglas
DOC-047,administrativo,resolucion,Simulado,Migración Colombia: trámite del Permiso por Protección Temporal (PPT) para persona migrante venezolana; se requiere registro biométrico y documento de identificación vigente o pasaporte.,migración colombia trámite del permiso por protección temporal ppt para persona migrante venezolana se requiere registro biométrico y documento de identificación vigente o pasaporte,22,17,migracion colombia tramite permiso proteccion temporal ppt persona migrante venezolana requerir registro biometrico documento identificacion vigente pasaporte,reglas
DOC-048,victimas_conflicto,norma,"Simulado - inspirado en Ley 1448 de 2011, art. 3","(Adaptado) Se consideran VÍCTIMAS las personas que individual o colectivamente hayan sufrido un daño por hechos ocurridos a partir del 1º de enero de 1985, como consecuencia de infracciones al DIH o violaciones graves a los DD.HH. ocurridas con ocasión del conflicto armado interno.",adaptado se consideran víctimas las personas que individual o colectivamente hayan sufrido un daño por hechos ocurridos a partir del de enero de como consecuencia de infracciones al dih o violaciones graves a los dd.hh ocurridas con ocasión del conflicto armado interno,38,24,considerar victima persona individual colectivamente haber sufrir daño hecho ocurrir partir enero consecuencia infraccion dih violacion grave derecho humano ocurrir ocasion conflicto armado interno,reglas
DOC-049,victimas_conflicto,concepto,Simulado,El usuario rindió declaración ante la Personería por DESPLAZAMIENTO FORZADO desde zona rural del Cauca; se orienta sobre la inclusión en el Registro Único de Víctimas (RUV) y la ayuda humanitaria.,el usuario rindió declaración ante la personería por desplazamiento forzado desde zona rural del cauca se orienta sobre la inclusión en el registro único de víctimas ruv y la ayuda humanitaria,30,16,rendir declaracion personeria desplazamiento forzado zona rural cauca orientar inclusion registro unico victima ruv ayuda humanitaria,reglas
DOC-050,victimas_conflicto,sentencia,Simulado - inspirado en Ley 1448 de 2011,Sentencia de RESTITUCIÓN DE TIERRAS: se ordena restituir jurídica y materialmente el predio a la familia campesina despojada en 2002 por presión de grupos armados ilegales.,sentencia de restitución de tierras se ordena restituir jurídica y materialmente el predio a la familia campesina despojada en por presión de grupos armados ilegales,23,15,sentencia restitucion tierra ordenar restituir juridica materialmente predio familia campesina despojar presion grupo armado ilegal,reglas
DOC-051,victimas_conflicto,resolucion,Simulado,La Unidad para las Víctimas reconoce la INDEMNIZACIÓN ADMINISTRATIVA por homicidio del familiar y prioriza el pago por tratarse de persona mayor de 68 años.,la unidad para las víctimas reconoce la indemnización administrativa por homicidio del familiar y prioriza el pago por tratarse de persona mayor de años,23,13,unidad victima reconocer indemnizacion administrativa homicidio familiar priorizar pago tratarse persona mayor año,reglas
DOC-052,victimas_conflicto,concepto,Simulado - inspirado en Decreto Ley 4633 de 2011,Enfoque diferencial étnico: las medidas de reparación colectiva para el pueblo indígena deben concertarse con sus autoridades tradicionales y respetar su cosmovisión.,enfoque diferencial étnico las medidas de reparación colectiva para el pueblo indígena deben concertarse con sus autoridades tradicionales y respetar su cosmovisión,21,13,enfoque diferencial etnico medida reparacion colectiva pueblo indigena concertarse autoridad tradicional respetar cosmovision,reglas
DOC-053,victimas_conflicto,concepto,Simulado,Búsqueda de persona dada por DESAPARECIDA en el contexto del conflicto armado: la familia puede acudir a la Unidad de Búsqueda y aportar muestras para el banco de perfiles genéticos.,búsqueda de persona dada por desaparecida en el contexto del conflicto armado la familia puede acudir a la unidad de búsqueda y aportar muestras para el banco de perfiles genéticos,28,16,busqueda persona dada desaparecer contexto conflicto armado familia acudir unidad busqueda aportar muestra banco perfil genetico,reglas
DOC-054,victimas_conflicto,resolucion,Simulado,Medidas de satisfacción y garantías de no repetición: acto público de reconocimiento de responsabilidad y construcción de un lugar de memoria para la comunidad víctima de la masacre.,medidas de satisfacción y garantías de no repetición acto público de reconocimiento de responsabilidad y construcción de un lugar de memoria para la comunidad víctima de la masacre,26,15,medida satisfaccion garantia no repeticion acto publico reconocimiento responsabilidad construccion lugar memoria comunidad victima masacre,reglas
DOC-055,genero,norma,"Ley 1257 de 2008, art. 2 (paráfrasis)","Violencia ECONÓMICA (Ley 1257/2008, art. 2): acción u omisión orientada al abuso económico, al control abusivo de las finanzas, recompensas o castigos monetarios a las mujeres por razón de su condición social, económica o política.",violencia económica ley art acción u omisión orientada al abuso económico al control abusivo de las finanzas recompensas o castigos monetarios a las mujeres por razón de su condición social económica o política,29,19,violencia economica accion omision orientada abuso economico control abusivo finanzas recompensa castigo monetario mujer razon condicion social economica politica,reglas
DOC-056,genero,norma,"Ley 1257 de 2008, art. 3 lit. d (paráfrasis)","Daño PATRIMONIAL (art. 3, lit. d): pérdida, transformación, sustracción, destrucción, retención o distracción de objetos, instrumentos de trabajo, documentos personales, bienes o valores destinados a satisfacer las necesidades de la mujer.",daño patrimonial art lit d pérdida transformación sustracción destrucción retención o distracción de objetos instrumentos de trabajo documentos personales bienes o valores destinados a satisfacer las necesidades de la mujer,26,19,daño patrimonial perdida transformacion sustraccion destruccion retencion distraccion objeto instrumento trabajo documento personal bien valor destinar satisfacer necesidad mujer,reglas
DOC-057,genero,concepto,Simulado,La usuaria relata que su compañero le RETIENE la cédula y destruyó la máquina de coser con la que trabajaba: se orienta como violencia patrimonial y se solicita medida de protección.,la usuaria relata que su compañero le retiene la cédula y destruyó la máquina de coser con la que trabajaba se orienta como violencia patrimonial y se solicita medida de protección,29,14,relatar compañero retener cedula destruir maquina coser trabajar orientar violencia patrimonial solicitar medida proteccion,reglas
DOC-058,genero,concepto,Simulado,"La usuaria manifiesta que su pareja controla todo su salario, le niega dinero para comprar alimentos y la castiga quitándole la plata si sale sin permiso → violencia económica.",la usuaria manifiesta que su pareja controla todo su salario le niega dinero para comprar alimentos y la castiga quitándole la plata si sale sin permiso violencia económica,27,16,manifestar pareja controlar salario negar dinero comprar alimento castigar quitandole plata salir sin permiso violencia economica,reglas
DOC-059,genero,resolucion,Simulado - inspirado en Ley 1257 de 2008,"Medidas de protección a la mujer víctima de violencia psicológica: se ordena al agresor abstenerse de realizar actos de intimidación, insultos o amenazas, y se remite a atención psicosocial.",medidas de protección a la mujer víctima de violencia psicológica se ordena al agresor abstenerse de realizar actos de intimidación insultos o amenazas y se remite a atención psicosocial,25,17,medida proteccion mujer victima violencia psicologica ordenar agresor abstenerse realizar acto intimidacion insulto amenaza remitir atencion psicosocial,reglas
DOC-060,genero,sentencia,Simulado - inspirado en Ley 1761 de 2015,Tentativa de FEMINICIDIO: el agresor atacó a su expareja por razones de género tras un ciclo de violencia previo; se aplica el enfoque de género en la valoración de la prueba.,tentativa de feminicidio el agresor atacó a su expareja por razones de género tras un ciclo de violencia previo se aplica el enfoque de género en la valoración de la prueba,30,15,tentativa feminicidio agresor atacar expareja razon genero ciclo violencia previo aplicar enfoque genero valoracion prueba,reglas
DOC-061,genero,concepto,Simulado - inspirado en Ley 1257 de 2008,"Medidas de atención: la mujer víctima tiene derecho a alojamiento, alimentación y transporte para ella y sus hijos cuando su permanencia en la vivienda implique riesgo.",medidas de atención la mujer víctima tiene derecho a alojamiento alimentación y transporte para ella y sus hijos cuando su permanencia en la vivienda implique riesgo,23,13,medida atencion mujer victima derecho alojamiento alimentacion transporte hijo permanencia vivienda implicar riesgo,reglas
DOC-062,genero,concepto,Simulado,"Ruta de atención: la Comisaría de Familia recibe la denuncia por violencia de género, valora el riesgo de la mujer y la orienta hacia la Línea 155, salud y justicia.",ruta de atención la comisaría de familia recibe la denuncia por violencia de género valora el riesgo de la mujer y la orienta hacia la línea salud y justicia,27,16,ruta atencion comisaria familia recibir denuncia violencia genero valorar riesgo mujer orientar hacia linea salud justicia,reglas
