id,categoria_esperada,pregunta
P01,laboral,Me echaron del trabajo sin justa causa y no me pagaron la liquidación ni las cesantías
P02,familia,El papá de mi hijo no da la cuota alimentaria desde hace 6 meses
P03,genero,Mi marido me quita el sueldo y no me da plata para la comida
P04,constitucional,La EPS no me quiere entregar un medicamento que me mandó el médico
P05,victimas_conflicto,Nos tocó salir de la vereda por amenazas de un grupo armado y queremos estar en el registro único de víctimas
P06,civil,El inquilino lleva tres meses sin pagar el arriendo y no se quiere ir del apartamento
P07,penal,Me robaron el celular y quiero poner una denuncia en la Fiscalía
P08,administrativo,Soy venezolano y quiero saber cómo sacar el permiso por protección temporal
P09,genero,Mi expareja rompió las herramientas con las que trabajo y me quitó la cédula
P10,constitucional,Mandé un derecho de petición a la alcaldía hace un mes y nunca me contestaron
